caseid,facebookuse,myspaceuse,twitteruse,tumblruse,pinterestuse,linkedinuse,googleplususe,instagramuse,flickruse,reddituse,snapchatuse
1,1,0,0,1,0,1,1,0,1,0,0
2,0,0,0,1,0,0,0,1,1,0,0
3,1,0,0,0,1,1,0,1,0,1,0
4,1,1,1,0,1,1,1,1,1,0,0
5,1,0,0,0,0,0,0,0,0,0,1
,,,,,,,,,,,
,,,,,,,,,,,
,,,,,,,,,,,
,,,,,,,,,,,
,,,,,,,,,,,
,,,,,,,,,,,
,,,,,,,,,,,
,,,,,,,,,,,
,,,,,,,,,,,
,,,,,,,,,,,
,,,,,,,,,,,
,,,,,,,,,,,
,,,,,,,,,,,
,,,,,,,,,,,
,,,,,,,,,,,
,,,,,,,,,,,
,,,,,,,,,,,
,,,,,,,,,,,
,,,,,,,,,,,
,,,,,,,,,,,
,,,,,,,,,,,
,,,,,,,,,,,
,,,,,,,,,,,
,,,,,,,,,,,
,,,,,,,,,,,
,,,,,,,,,,,
,,,,,,,,,,,
,,,,,,,,,,,
,,,,,,,,,,,
,,,,,,,,,,,
,,,,,,,,,,,
,,,,,,,,,,,
,,,,,,,,,,,
,,,,,,,,,,,
,,,,,,,,,,,
,,,,,,,,,,,
,,,,,,,,,,,
,,,,,,,,,,,
,,,,,,,,,,,
,,,,,,,,,,,
,,,,,,,,,,,
,,,,,,,,,,,
,,,,,,,,,,,
,,,,,,,,,,,
,,,,,,,,,,,
,,,,,,,,,,,
,,,,,,,,,,,
,,,,,,,,,,,
,,,,,,,,,,,
,,,,,,,,,,,
,,,,,,,,,,,
,,,,,,,,,,,
,,,,,,,,,,,
,,,,,,,,,,,
,,,,,,,,,,,
,,,,,,,,,,,
,,,,,,,,,,,
,,,,,,,,,,,
,,,,,,,,,,,
,,,,,,,,,,,
,,,,,,,,,,,
,,,,,,,,,,,
,,,,,,,,,,,
,,,,,,,,,,,
,,,,,,,,,,,
,,,,,,,,,,,
,,,,,,,,,,,
,,,,,,,,,,,
,,,,,,,,,,,
,,,,,,,,,,,
,,,,,,,,,,,
,,,,,,,,,,,
,,,,,,,,,,,
,,,,,,,,,,,
,,,,,,,,,,,
,,,,,,,,,,,
,,,,,,,,,,,
,,,,,,,,,,,
,,,,,,,,,,,
,,,,,,,,,,,
,,,,,,,,,,,
,,,,,,,,,,,
,,,,,,,,,,,
,,,,,,,,,,,
,,,,,,,,,,,
,,,,,,,,,,,
,,,,,,,,,,,
,,,,,,,,,,,
,,,,,,,,,,,
,,,,,,,,,,,
,,,,,,,,,,,
,,,,,,,,,,,
,,,,,,,,,,,
,,,,,,,,,,,
,,,,,,,,,,,
,,,,,,,,,,,
,,,,,,,,,,,
,,,,,,,,,,,
,,,,,,,,,,,
,,,,,,,,,,,
,,,,,,,,,,,
,,,,,,,,,,,
,,,,,,,,,,,
,,,,,,,,,,,
,,,,,,,,,,,
,,,,,,,,,,,
,,,,,,,,,,,
,,,,,,,,,,,
,,,,,,,,,,,
,,,,,,,,,,,
,,,,,,,,,,,
,,,,,,,,,,,
,,,,,,,,,,,
,,,,,,,,,,,
,,,,,,,,,,,
,,,,,,,,,,,
,,,,,,,,,,,
,,,,,,,,,,,
,,,,,,,,,,,
,,,,,,,,,,,
,,,,,,,,,,,
,,,,,,,,,,,
,,,,,,,,,,,
,,,,,,,,,,,
,,,,,,,,,,,
,,,,,,,,,,,
,,,,,,,,,,,
,,,,,,,,,,,
,,,,,,,,,,,
,,,,,,,,,,,
,,,,,,,,,,,
,,,,,,,,,,,
,,,,,,,,,,,
,,,,,,,,,,,
,,,,,,,,,,,
,,,,,,,,,,,
,,,,,,,,,,,
,,,,,,,,,,,
,,,,,,,,,,,
,,,,,,,,,,,
,,,,,,,,,,,
,,,,,,,,,,,
,,,,,,,,,,,
,,,,,,,,,,,
,,,,,,,,,,,
,,,,,,,,,,,
,,,,,,,,,,,
,,,,,,,,,,,
,,,,,,,,,,,
,,,,,,,,,,,
,,,,,,,,,,,
,,,,,,,,,,,
,,,,,,,,,,,
,,,,,,,,,,,
,,,,,,,,,,,
,,,,,,,,,,,
,,,,,,,,,,,
,,,,,,,,,,,
,,,,,,,,,,,
,,,,,,,,,,,
,,,,,,,,,,,
,,,,,,,,,,,
,,,,,,,,,,,
,,,,,,,,,,,
,,,,,,,,,,,
,,,,,,,,,,,
,,,,,,,,,,,
,,,,,,,,,,,
,,,,,,,,,,,
,,,,,,,,,,,
,,,,,,,,,,,
,,,,,,,,,,,
,,,,,,,,,,,
,,,,,,,,,,,
,,,,,,,,,,,
,,,,,,,,,,,
,,,,,,,,,,,
,,,,,,,,,,,
,,,,,,,,,,,
,,,,,,,,,,,
,,,,,,,,,,,
,,,,,,,,,,,
,,,,,,,,,,,
,,,,,,,,,,,
,,,,,,,,,,,
,,,,,,,,,,,
,,,,,,,,,,,
,,,,,,,,,,,
,,,,,,,,,,,
,,,,,,,,,,,
,,,,,,,,,,,
,,,,,,,,,,,
,,,,,,,,,,,
,,,,,,,,,,,
,,,,,,,,,,,
,,,,,,,,,,,
,,,,,,,,,,,
,,,,,,,,,,,
,,,,,,,,,,,
,,,,,,,,,,,
,,,,,,,,,,,
,,,,,,,,,,,
,,,,,,,,,,,
,,,,,,,,,,,
,,,,,,,,,,,
,,,,,,,,,,,
,,,,,,,,,,,
,,,,,,,,,,,
,,,,,,,,,,,
,,,,,,,,,,,
,,,,,,,,,,,
,,,,,,,,,,,
,,,,,,,,,,,
,,,,,,,,,,,
,,,,,,,,,,,
,,,,,,,,,,,
,,,,,,,,,,,
,,,,,,,,,,,
,,,,,,,,,,,
,,,,,,,,,,,
,,,,,,,,,,,
,,,,,,,,,,,
,,,,,,,,,,,
,,,,,,,,,,,
,,,,,,,,,,,
,,,,,,,,,,,
,,,,,,,,,,,
,,,,,,,,,,,
,,,,,,,,,,,
,,,,,,,,,,,
,,,,,,,,,,,
,,,,,,,,,,,
,,,,,,,,,,,
,,,,,,,,,,,
,,,,,,,,,,,
,,,,,,,,,,,
,,,,,,,,,,,
,,,,,,,,,,,
,,,,,,,,,,,
,,,,,,,,,,,
,,,,,,,,,,,
,,,,,,,,,,,
,,,,,,,,,,,
,,,,,,,,,,,
,,,,,,,,,,,
,,,,,,,,,,,
,,,,,,,,,,,
,,,,,,,,,,,
,,,,,,,,,,,
,,,,,,,,,,,
,,,,,,,,,,,
,,,,,,,,,,,
,,,,,,,,,,,
,,,,,,,,,,,
,,,,,,,,,,,
,,,,,,,,,,,
,,,,,,,,,,,
,,,,,,,,,,,
,,,,,,,,,,,
,,,,,,,,,,,
,,,,,,,,,,,
,,,,,,,,,,,
,,,,,,,,,,,
,,,,,,,,,,,
,,,,,,,,,,,
,,,,,,,,,,,
,,,,,,,,,,,
,,,,,,,,,,,
,,,,,,,,,,,
,,,,,,,,,,,
,,,,,,,,,,,
,,,,,,,,,,,
,,,,,,,,,,,
,,,,,,,,,,,
,,,,,,,,,,,
,,,,,,,,,,,
,,,,,,,,,,,
,,,,,,,,,,,
,,,,,,,,,,,
,,,,,,,,,,,
,,,,,,,,,,,
,,,,,,,,,,,
,,,,,,,,,,,
,,,,,,,,,,,
,,,,,,,,,,,
,,,,,,,,,,,
,,,,,,,,,,,
,,,,,,,,,,,
,,,,,,,,,,,
,,,,,,,,,,,
,,,,,,,,,,,
,,,,,,,,,,,
,,,,,,,,,,,
,,,,,,,,,,,
,,,,,,,,,,,
,,,,,,,,,,,
,,,,,,,,,,,
,,,,,,,,,,,
,,,,,,,,,,,
,,,,,,,,,,,
,,,,,,,,,,,
,,,,,,,,,,,
,,,,,,,,,,,
,,,,,,,,,,,
,,,,,,,,,,,
,,,,,,,,,,,
,,,,,,,,,,,
,,,,,,,,,,,
,,,,,,,,,,,
,,,,,,,,,,,
,,,,,,,,,,,
,,,,,,,,,,,
,,,,,,,,,,,
,,,,,,,,,,,
,,,,,,,,,,,
,,,,,,,,,,,
,,,,,,,,,,,
,,,,,,,,,,,
,,,,,,,,,,,
,,,,,,,,,,,
,,,,,,,,,,,
,,,,,,,,,,,
,,,,,,,,,,,
,,,,,,,,,,,
,,,,,,,,,,,
,,,,,,,,,,,
,,,,,,,,,,,
,,,,,,,,,,,
,,,,,,,,,,,
,,,,,,,,,,,
,,,,,,,,,,,
,,,,,,,,,,,
,,,,,,,,,,,
,,,,,,,,,,,
,,,,,,,,,,,
,,,,,,,,,,,
,,,,,,,,,,,
,,,,,,,,,,,
,,,,,,,,,,,
,,,,,,,,,,,
,,,,,,,,,,,
,,,,,,,,,,,
,,,,,,,,,,,
,,,,,,,,,,,
,,,,,,,,,,,
,,,,,,,,,,,
,,,,,,,,,,,
,,,,,,,,,,,
,,,,,,,,,,,
,,,,,,,,,,,
,,,,,,,,,,,
,,,,,,,,,,,
,,,,,,,,,,,
,,,,,,,,,,,
,,,,,,,,,,,
,,,,,,,,,,,
,,,,,,,,,,,
2124,1,0,0,0,0,0,1,0,0,0,0
2125,0,0,0,0,,0,0,0,0,0,0
2130,0,0,0,0,0,0,0,0,0,0,0
2132,1,0,0,0,0,0,1,0,0,0,0
2133,1,0,0,0,0,0,1,0,0,0,0
2134,1,0,0,1,0,1,0,0,0,0,0
2135,1,0,1,0,0,1,1,1,0,0,0
2136,0,0,0,0,1,1,1,0,0,0,1
2138,1,0,0,0,0,0,0,0,0,0,0
214,1,0,0,0,0,1,0,0,0,0,0
2142,1,0,1,1,1,1,0,1,1,1,0
2143,0,0,0,0,0,1,1,0,0,0,0
2144,1,1,0,0,1,1,1,1,1,1,0
215,0,0,0,0,0,0,0,0,0,0,0
2150,1,0,0,0,0,1,0,0,0,0,0
2151,1,0,1,1,0,0,0,0,0,,0
2152,1,0,0,0,1,0,0,0,0,0,0
2154,1,0,0,0,0,1,1,0,0,0,0
2158,0,0,0,0,1,1,1,0,0,0,0
2159,1,0,1,0,0,0,0,1,0,0,1
216,1,0,0,0,1,1,1,0,0,0,0
2162,1,0,0,0,0,0,0,0,0,0,1
2163,0,0,0,0,0,0,0,0,0,0,0
2166,1,0,1,0,1,0,1,1,0,0,0
2167,1,0,0,0,0,0,0,0,0,0,0
2168,1,0,0,0,1,0,1,0,0,0,0
217,1,0,0,0,0,0,1,0,0,0,0
2174,1,0,0,0,1,,0,0,0,,0
2175,1,0,0,0,1,0,0,0,0,0,0
2176,0,0,0,0,1,0,0,0,0,0,0
2179,1,0,0,0,0,0,0,0,0,0,0
218,1,0,1,0,0,0,1,1,0,0,1
2180,1,0,0,0,1,0,0,0,0,0,0
2184,1,0,0,0,0,0,0,0,0,0,0
2192,0,0,0,0,1,0,1,0,0,0,0
22,1,0,1,0,0,1,0,0,0,0,0
220,1,0,0,0,1,0,0,0,0,0,0
2206,1,0,0,0,0,0,0,0,0,0,0
2207,1,0,0,0,1,0,1,1,0,0,1
2209,1,0,0,0,1,0,0,0,0,0,0
221,1,0,0,0,1,1,1,0,0,0,0
2211,1,0,1,0,0,0,0,0,0,0,0
2212,1,0,0,0,1,0,0,1,0,0,0
2213,1,0,0,0,0,0,0,0,0,0,0
2214,1,0,0,0,0,0,0,0,0,0,0
2216,1,0,0,0,0,0,0,,0,0,0
2221,1,0,0,0,0,0,0,0,0,0,0
2222,1,0,0,0,0,0,0,0,0,0,0
2223,1,0,1,1,0,0,0,1,0,1,1
2224,1,0,1,0,1,0,0,1,0,0,0
2225,1,0,1,0,0,0,0,0,0,0,0
2226,1,0,0,0,1,0,0,0,0,1,1
2227,0,0,0,0,1,0,0,0,0,0,0
2232,1,0,1,0,1,1,1,1,0,1,1
2235,1,0,1,0,1,1,1,1,0,0,0
2236,1,0,0,0,0,0,0,0,,1,1
2238,1,0,0,0,0,0,0,0,0,1,0
224,1,0,0,0,1,1,1,1,1,0,1
2240,1,0,1,0,1,1,0,1,0,0,0
2243,1,0,0,0,0,1,0,1,0,0,0
2246,1,0,0,0,0,,0,1,0,0,0
2247,0,0,1,0,1,1,1,1,1,0,0
225,1,0,0,0,0,1,1,0,0,0,0
2256,1,0,0,0,0,1,0,1,0,1,1
2257,1,0,1,0,0,0,0,1,0,0,0
2258,1,0,0,,0,0,0,1,0,0,0
2260,0,0,1,0,0,0,0,1,0,0,0
2263,1,0,0,0,0,0,1,1,0,0,0
2265,1,0,0,0,0,0,0,0,0,0,0
2271,1,0,1,0,1,0,1,1,0,0,0
2274,1,0,0,0,,0,0,0,0,0,0
2275,1,0,0,0,0,1,1,0,0,0,0
2277,1,0,0,0,1,0,1,0,0,0,0
228,0,1,0,0,1,0,1,1,0,0,0
2285,1,0,1,0,1,1,0,1,1,1,1
2286,0,0,0,0,0,0,1,0,0,0,0
2292,1,0,0,1,1,1,1,1,1,1,1
23,1,0,0,0,0,0,0,0,0,0,0
2301,1,0,1,0,0,1,1,1,1,0,1
2303,1,0,1,0,1,0,0,1,0,0,0
2310,0,0,0,0,0,0,0,0,0,0,0
2311,1,0,0,1,1,0,1,1,0,1,1
2316,1,0,0,0,1,0,0,0,0,0,0
232,1,0,0,0,0,1,1,0,0,0,0
2321,0,0,0,0,0,0,0,1,0,0,0
2322,1,1,1,,1,1,1,0,0,,
2324,1,0,0,0,0,1,0,0,1,0,0
2326,1,0,0,0,1,0,0,1,0,0,0
2327,1,0,0,0,0,1,1,0,0,0,0
2330,1,0,1,0,0,0,1,0,1,0,0
2332,1,0,0,1,1,0,0,0,1,0,0
2333,1,0,1,0,0,1,1,1,1,0,1
2334,1,0,0,0,0,0,0,0,1,1,0
2338,1,0,0,0,0,0,0,0,0,0,0
2341,1,0,0,0,1,1,0,1,0,0,0
2343,1,0,1,1,0,0,0,0,0,1,0
2344,1,0,1,0,1,0,0,0,0,0,0
2347,1,0,0,0,0,0,0,0,0,0,0
2349,1,0,0,0,0,0,0,0,0,0,0
2351,1,0,0,0,0,1,0,0,0,1,0
2352,1,0,0,1,1,1,0,1,1,1,1
2356,1,0,0,0,0,0,0,0,0,0,0
2360,1,0,0,0,0,1,0,1,0,0,0
2361,1,1,1,0,0,1,0,0,0,0,0
2363,1,0,0,0,0,0,0,0,0,0,0
2368,0,0,0,0,0,0,1,0,0,0,0
237,1,0,1,1,1,1,0,1,0,0,1
2371,1,0,1,1,0,1,1,1,0,0,1
2373,1,0,0,0,1,0,0,0,0,0,0
2374,1,0,1,0,1,0,1,1,0,0,1
2375,1,0,1,1,0,0,0,0,0,1,1
238,0,,0,,,0,0,0,,,0
2380,1,0,0,0,0,0,0,1,0,0,0
2381,1,0,1,0,0,1,0,0,0,0,0
2385,1,0,0,0,0,0,0,0,0,0,0
2387,1,0,0,0,1,1,1,1,1,0,1
2389,1,0,1,0,0,0,0,0,0,0,0
2390,1,0,1,0,0,1,0,0,0,0,0
2393,1,0,0,0,0,0,0,0,0,0,0
2394,0,0,0,0,0,0,1,0,0,0,0
2395,1,0,1,0,0,0,0,1,0,0,0
240,1,0,0,0,0,0,0,1,0,0,0
2402,1,0,1,0,1,0,0,1,0,0,1
2404,1,0,1,0,1,0,0,1,0,0,1
2406,1,0,1,0,0,1,0,1,0,0,0
2408,1,0,0,0,0,0,1,1,0,0,1
2409,1,1,1,1,1,1,1,1,1,0,0
2412,1,0,0,0,1,0,0,1,0,1,0
2413,1,0,0,0,1,0,1,1,0,0,0
2418,1,0,0,0,0,1,1,0,0,0,0
242,0,0,0,0,0,0,0,0,0,0,0
2427,0,0,0,0,0,0,0,0,0,0,0
243,1,0,0,0,0,0,0,0,0,1,0
2433,1,0,1,0,0,0,1,1,0,0,1
2435,0,0,0,0,0,1,0,0,0,0,0
2436,1,0,0,0,0,0,0,1,0,0,0
2442,0,0,0,0,0,0,1,0,0,0,0
2443,1,0,0,0,0,0,0,0,0,0,0
2445,1,0,0,0,1,0,0,0,1,0,0
2447,1,0,0,0,0,0,0,0,0,0,0
2448,1,0,0,0,0,0,1,0,0,0,0
2449,1,0,1,0,1,1,1,1,0,0,1
245,0,0,1,0,1,1,0,1,0,1,1
2450,1,0,0,0,0,0,0,0,0,0,0
2457,1,0,0,0,1,0,0,1,0,0,0
2459,1,0,0,0,1,0,0,0,0,0,0
2460,1,0,0,0,1,0,1,1,0,0,0
2461,1,0,0,0,1,1,0,0,0,,0
2465,1,0,1,0,0,1,1,0,1,1,0
2466,1,0,0,0,1,1,0,1,0,0,0
2467,1,0,0,0,1,1,1,1,0,0,1
2468,1,0,1,0,0,0,0,1,0,0,1
2470,0,0,0,0,0,1,0,0,0,0,0
2471,1,0,0,0,1,0,0,1,0,0,0
2475,0,0,0,0,0,0,0,0,0,0,0
2476,1,0,1,0,1,1,1,1,0,0,1
2477,1,0,1,0,1,1,1,0,0,0,0
2478,1,0,0,0,0,0,0,0,0,,0
2480,1,0,1,1,1,0,1,1,1,1,1
2481,1,0,,0,0,0,0,0,0,0,0
2482,1,0,1,0,1,0,0,1,0,0,1
2483,1,0,0,0,1,1,0,0,0,0,0
2484,1,0,1,1,0,1,1,1,1,1,0
2485,1,0,0,0,1,0,0,0,0,0,0
2486,1,0,1,1,1,1,1,1,1,0,1
2487,1,0,1,0,0,0,0,1,0,0,0
2488,1,0,0,0,0,1,0,0,0,0,0
2489,1,0,0,0,0,1,0,0,0,0,0
249,1,0,1,0,0,1,0,1,0,1,1
2491,1,0,1,0,0,1,0,1,0,0,0
2494,1,0,0,0,1,1,0,1,0,0,1
2495,1,0,1,1,1,0,0,1,1,1,1
2497,1,0,0,0,0,0,0,0,0,0,0
2498,1,0,0,0,1,0,1,0,0,1,0
250,0,0,0,0,0,0,0,0,0,0,0
2500,1,0,1,0,1,1,1,1,0,1,1
2501,0,0,0,0,0,0,0,0,0,0,0
2504,0,0,0,0,0,0,0,0,0,0,0
2505,1,0,1,0,1,0,0,1,0,0,0
2506,1,0,1,0,0,0,0,1,0,1,0
2507,1,0,0,0,0,0,1,0,0,0,0
2508,1,0,0,0,0,1,0,0,0,0,0
2509,1,0,0,0,0,0,1,1,0,0,1
2510,1,0,0,0,0,1,1,1,,0,0
2511,0,0,0,0,0,0,0,0,0,0,
2513,1,0,1,0,1,0,0,1,0,0,0
2514,1,0,0,0,1,0,1,0,0,0,0
2515,1,0,0,0,0,1,0,0,0,1,0
2516,1,0,0,0,0,0,0,0,0,0,0
2518,1,0,1,0,0,0,0,1,0,0,0
2520,1,0,0,0,0,1,0,0,0,0,0
2521,1,0,1,1,1,0,1,1,0,1,1
2524,1,0,1,1,1,1,1,1,1,0,0
2525,1,0,1,1,1,1,1,0,1,0,0
2526,1,0,1,1,1,1,1,1,0,1,1
2528,1,0,0,0,0,0,0,0,0,0,0
2530,1,0,1,1,1,0,0,1,0,0,1
2531,1,0,1,1,0,1,0,0,0,0,0
2536,1,0,0,0,0,0,0,1,0,0,1
2539,0,0,0,0,0,1,0,0,0,0,0
2542,1,0,0,0,1,1,1,0,0,0,0
2544,1,0,0,0,1,0,1,0,0,0,0
2545,1,0,1,0,1,1,1,1,0,0,1
2547,1,0,0,0,1,0,0,0,0,0,0
2548,1,0,0,0,0,1,1,0,0,0,0
2549,1,0,0,0,1,1,0,0,0,0,0
2550,1,0,1,1,0,0,1,0,1,1,0
2551,1,0,0,0,0,1,0,0,0,0,0
2552,1,0,0,0,1,1,1,0,0,0,0
2553,1,0,0,0,0,0,0,0,0,,0
2554,1,0,1,0,1,1,1,1,0,0,0
2557,1,0,0,0,1,0,0,1,0,0,0
2559,1,0,0,0,1,0,0,,0,0,0
2560,1,0,0,0,0,0,0,0,0,0,0
2561,1,0,0,0,1,0,0,0,0,0,0
2564,1,0,1,1,1,0,1,1,0,0,1
2567,1,0,0,0,0,1,1,1,0,1,0
2568,1,0,0,0,0,0,0,0,0,0,0
257,1,0,0,0,0,0,0,0,0,0,0
2570,1,0,1,1,1,1,1,1,0,1,0
2571,1,0,0,0,0,0,0,1,0,0,1
2575,0,0,0,0,0,0,0,1,0,0,0
2579,1,0,0,0,0,0,1,0,0,0,0
258,1,0,0,0,1,0,0,0,0,0,0
2580,0,0,1,1,1,0,0,0,1,1,0
2582,1,0,1,0,1,1,0,1,0,0,0
2583,1,0,1,0,1,1,0,1,0,0,1
2585,0,0,0,0,0,0,0,0,0,0,0
2587,1,0,1,0,1,1,0,1,0,0,0
2588,,0,1,1,0,0,0,0,1,1,0
2589,1,0,0,0,0,1,1,1,0,0,0
259,1,0,1,0,0,1,0,0,1,0,0
2590,0,0,1,0,0,0,0,0,0,0,0
2591,1,0,0,0,0,0,1,0,0,0,0
2592,1,0,0,0,0,0,0,0,0,0,1
2593,1,0,0,0,0,0,0,1,0,0,1
2595,1,0,1,0,1,1,1,1,0,0,0
2599,1,0,0,0,1,1,0,0,0,0,0
2602,1,0,0,0,1,0,0,0,0,0,0
2604,1,0,1,0,1,1,1,0,0,0,0
2606,1,0,0,1,1,0,0,0,0,0,0
2608,1,1,1,1,1,1,1,1,1,1,1
2609,1,0,0,0,0,0,0,1,0,0,1
261,0,0,0,0,1,0,1,1,0,0,0
2610,0,0,0,0,1,0,0,0,0,1,0
2611,1,0,0,0,1,0,0,0,0,0,0
2612,1,0,1,0,1,1,1,0,0,0,0
2613,1,0,1,0,0,1,0,0,0,0,0
2614,1,0,1,0,1,1,0,0,0,0,0
2615,1,0,0,0,1,0,0,0,0,0,0
2616,1,0,1,1,1,0,1,1,0,1,1
2617,0,0,0,0,1,0,1,1,0,0,0
2618,1,0,0,0,0,1,0,1,1,0,0
2624,1,0,1,0,1,0,0,1,0,0,1
2627,1,0,1,0,1,0,0,1,0,0,0
2628,1,0,1,0,1,0,1,0,0,0,0
2630,1,0,1,0,1,0,0,0,0,0,0
2632,1,0,0,0,0,0,0,0,0,0,0
2634,0,0,0,0,1,0,0,0,0,0,0
2635,1,0,1,0,0,0,0,0,0,0,0
2636,1,1,1,0,1,1,1,1,1,0,1
2637,1,0,0,0,0,0,1,1,0,0,0
2638,1,0,0,0,0,0,0,0,0,0,0
2639,1,0,0,0,0,0,0,0,0,1,0
2640,1,0,0,0,0,1,0,0,0,0,0
2644,1,0,,0,0,0,1,0,0,0,0
2645,1,0,1,0,1,0,1,0,0,0,0
2646,0,0,0,0,0,0,0,0,0,0,0
2648,1,0,0,0,1,0,0,1,0,0,0
2651,1,0,0,0,0,1,0,0,0,0,0
2652,0,0,0,0,0,0,0,0,0,0,0
2654,0,0,0,0,0,0,0,0,0,0,0
2655,1,1,1,0,1,1,1,1,0,0,1
2656,0,0,0,0,0,0,0,0,0,0,0
2658,0,1,0,0,1,1,1,0,0,0,0
266,0,0,0,0,0,0,0,0,0,0,0
2660,1,0,0,0,1,0,1,1,0,0,1
2661,1,0,0,0,0,0,0,0,0,0,1
2662,1,0,1,0,0,0,1,1,1,0,1
2663,1,0,1,0,1,1,1,0,0,0,0
2664,1,0,0,0,1,0,,1,0,0,0
267,1,0,0,1,0,1,0,0,0,0,0
2670,1,0,0,0,0,0,0,0,0,0,0
2673,1,0,1,0,1,0,0,,0,0,1
2674,1,0,0,0,1,1,0,1,0,0,1
2676,1,0,1,0,0,1,1,1,0,0,0
2677,0,0,0,0,1,0,0,0,0,0,0
2678,1,0,0,0,0,0,1,0,0,0,0
2679,0,0,0,0,1,1,1,1,0,0,0
2680,1,0,1,1,1,1,1,1,0,1,0
2681,0,0,0,0,0,0,0,0,0,0,0
2682,1,0,0,0,0,0,1,0,0,0,0
2684,1,0,0,0,1,1,0,0,0,0,0
2685,1,0,0,0,0,0,0,0,0,0,1
2688,1,0,0,0,1,0,0,1,0,0,0
2689,1,0,1,1,1,1,1,1,0,1,1
269,0,0,0,1,1,0,0,0,1,0,0
2692,0,0,0,0,0,1,1,1,0,1,0
2693,1,0,1,0,1,1,1,1,1,0,1
2696,1,0,1,0,1,1,0,0,0,0,0
2697,1,0,0,0,0,0,0,0,0,0,0
2699,1,0,0,0,1,0,0,0,0,0,0
2701,1,0,0,0,1,0,0,1,0,0,0
2702,0,0,0,0,0,0,1,0,0,0,0
2703,0,0,0,0,0,0,0,0,0,1,0
2704,1,0,0,0,0,0,0,0,0,0,0
2706,1,0,0,0,0,0,0,0,0,1,0
2707,1,0,0,0,1,0,0,0,0,0,0
2708,1,1,1,1,1,1,1,1,1,1,1
2709,1,0,0,0,1,1,0,0,0,0,1
271,0,0,0,0,0,0,0,1,0,0,0
2710,1,0,1,0,0,0,0,1,0,0,1
2712,1,0,1,0,1,1,1,0,0,0,0
2713,1,0,0,0,1,0,1,1,0,0,0
2718,1,0,0,0,1,0,0,1,0,0,1
272,0,0,0,0,0,0,0,0,0,0,0
2721,1,0,0,0,1,1,1,0,0,0,1
2723,0,0,0,0,0,0,0,0,0,0,0
2724,1,0,0,0,0,1,0,0,0,0,0
2727,1,0,1,1,0,1,1,1,,,0
2728,1,0,1,0,0,0,0,1,0,0,0
2730,1,0,1,1,0,0,0,1,0,1,1
2731,1,0,1,0,0,1,0,1,1,0,0
2733,1,0,1,1,1,0,0,1,1,0,0
2734,1,0,1,0,1,0,0,1,0,0,1
2735,1,0,1,1,1,1,1,1,1,0,0
2737,1,0,0,0,0,0,0,0,0,0,0
2738,1,0,0,0,0,0,1,0,0,0,0
2739,0,0,0,0,0,0,0,0,0,1,0
2740,1,0,0,0,0,0,0,0,0,0,0
2741,1,0,0,0,1,0,0,1,0,0,0
2742,1,0,0,0,0,0,0,0,0,0,0
2743,1,0,0,0,0,0,0,0,0,1,0
2746,1,0,1,1,0,1,0,1,0,1,0
2749,1,0,1,0,0,1,1,1,1,1,0
275,1,0,1,0,0,1,0,0,0,1,0
2750,1,0,1,0,1,0,0,1,1,0,0
2751,0,0,0,0,0,0,0,0,0,0,0
2753,1,0,1,1,1,1,0,1,0,1,1
2754,1,0,1,0,0,1,0,1,1,0,0
2755,1,0,1,1,1,1,1,0,0,0,0
2757,1,0,1,0,0,1,1,1,0,0,1
2758,1,0,0,0,0,0,1,0,0,0,0
2759,0,0,0,0,0,0,0,0,0,0,0
2760,1,0,0,0,0,0,0,1,0,0,0
2765,0,0,0,0,0,0,1,0,0,0,0
2766,1,0,0,0,0,1,1,0,0,0,0
2768,0,0,0,0,1,0,0,0,0,0,0
2769,1,0,1,0,1,1,1,1,0,1,0
277,0,0,0,0,0,0,0,0,0,0,0
2777,1,0,0,0,0,1,0,0,0,0,0
2778,1,0,0,0,0,0,0,0,0,0,0
278,1,0,0,0,0,0,0,0,0,0,1
2780,1,0,0,0,0,1,1,0,0,0,1
2783,0,0,0,0,0,0,0,0,0,0,0
2785,1,0,1,1,1,0,1,1,1,0,1
2786,1,0,0,0,0,0,0,1,0,0,0
2792,1,0,1,1,1,0,0,1,0,0,1
2794,1,0,0,0,0,1,1,0,0,0,0
2795,1,0,0,0,0,0,0,0,0,0,0
2811,1,0,0,0,1,1,1,0,0,0,0
2812,0,0,0,0,0,0,1,0,0,0,0
2816,1,0,1,0,0,0,0,1,0,,0
2821,1,0,1,0,0,1,0,1,0,0,0
283,0,0,0,0,0,0,0,0,0,0,0
2848,1,0,1,1,0,0,0,0,0,0,0
2849,1,0,0,0,0,0,0,0,0,0,0
2855,1,0,0,0,0,0,0,0,0,0,0
286,1,0,0,0,1,1,0,0,0,1,0
2866,1,0,1,0,0,1,1,1,0,0,1
2869,1,0,1,0,1,0,0,0,0,0,0
2872,1,0,0,0,1,0,0,0,0,0,0
2873,1,0,1,0,0,0,0,1,0,0,0
2874,0,0,1,0,0,1,0,1,0,1,1
2875,1,0,0,0,0,0,0,0,0,1,0
2876,1,0,0,0,0,0,0,0,0,0,0
2877,0,0,0,0,1,0,0,0,0,0,0
288,1,0,0,0,0,0,0,0,0,0,0
2881,1,0,0,0,0,1,1,0,0,0,0
2886,1,0,0,0,1,0,0,0,0,1,0
2888,1,0,0,0,0,0,0,0,0,0,0
2890,1,0,0,0,1,0,0,0,0,0,0
2892,1,0,0,0,0,0,0,0,0,1,1
2893,1,0,0,0,0,1,0,0,0,0,0
2899,1,0,0,0,1,0,1,1,0,0,0
2900,0,0,0,0,0,0,0,0,0,0,0
2904,1,0,0,0,0,0,0,0,0,1,0
2905,1,0,0,0,0,0,0,0,0,0,0
2907,1,1,1,0,1,1,1,1,0,0,1
2908,1,0,1,1,1,1,1,1,1,0,1
2910,0,0,0,0,0,0,0,0,0,0,0
2917,1,0,0,0,0,1,0,0,0,1,0
2919,0,0,0,0,1,0,1,0,0,0,0
2930,1,0,0,0,0,0,0,1,0,0,0
2933,1,0,0,0,0,0,0,0,0,0,0
2936,0,0,0,0,0,0,0,0,0,0,0
2939,1,0,1,0,0,1,0,1,0,0,1
2952,1,0,0,0,0,0,0,0,0,0,0
2954,0,0,0,0,0,0,1,0,0,0,0
2956,0,0,0,0,0,0,0,0,0,0,0
2958,1,0,1,0,0,1,1,1,0,1,0
2964,1,0,0,0,0,0,1,1,0,0,0
2965,1,0,0,0,0,0,1,0,0,0,0
2968,1,0,0,0,1,0,0,0,0,,0
2969,1,0,1,0,1,0,0,1,0,0,1
2970,1,0,0,0,0,0,1,0,0,0,0
2973,0,0,0,0,0,0,0,0,0,0,0
2974,1,0,0,0,0,0,1,1,0,0,0
2976,0,0,0,0,0,0,0,0,0,0,0
298,1,0,1,1,1,1,1,1,1,0,1
2980,1,0,0,0,0,0,0,1,0,0,1
2982,0,0,0,0,0,1,0,0,0,0,0
2988,1,0,1,0,1,0,1,0,0,0,0
2997,1,0,0,0,1,0,1,0,0,0,0
3000,0,0,0,0,0,0,0,0,0,0,0
3007,1,0,0,0,1,0,0,0,0,0,0
3011,1,0,0,0,0,0,0,1,0,0,1
3012,1,0,0,0,0,0,0,0,0,0,0
302,1,0,1,0,0,0,0,1,1,1,1
3020,0,0,0,0,1,0,0,0,0,0,0
3025,1,0,0,0,0,0,0,1,0,0,1
3031,0,0,0,0,0,0,0,0,0,0,
3037,0,0,0,0,0,0,0,0,0,0,0
304,1,0,0,0,1,1,1,1,,0,0
3041,1,0,0,0,0,0,0,0,0,0,0
3043,0,0,0,0,0,0,0,0,0,0,0
3044,0,0,0,0,1,0,0,0,0,0,0
3045,1,0,0,0,0,0,0,0,0,0,0
3046,1,,0,0,0,0,0,0,0,0,0
3047,1,0,0,0,1,0,0,0,0,0,0
3052,0,0,0,0,0,0,1,1,0,0,1
3055,0,0,0,0,1,1,1,0,0,0,0
306,0,0,0,0,0,0,0,0,0,0,0
3061,0,0,0,0,0,0,0,0,0,0,0
3067,1,0,0,0,0,0,0,0,0,0,0
3069,1,0,0,0,1,0,1,1,0,0,0
3072,1,0,0,0,1,0,0,0,1,0,0
3074,1,0,0,0,1,0,0,0,0,0,0
3076,1,0,1,1,1,1,1,1,0,0,1
308,1,0,1,1,0,0,0,1,1,0,0
3085,0,0,0,0,0,0,1,0,0,0,0
3097,1,0,0,0,1,0,0,0,0,0,0
31,1,1,0,0,1,0,0,0,0,0,0
3100,0,0,1,0,0,0,0,0,0,0,0
3103,1,0,0,0,0,0,0,0,0,0,0
3110,1,0,0,0,0,0,0,0,0,0,0
3113,0,0,0,0,0,0,0,0,0,0,0
3117,0,0,0,0,0,0,1,0,0,0,0
3125,1,0,0,0,0,0,0,0,0,0,0
3127,0,0,0,0,1,0,0,0,0,0,0
3128,0,0,0,0,0,0,1,0,0,1,0
3129,1,0,1,0,0,0,1,1,0,0,0
3130,1,0,1,1,0,0,0,1,0,0,1
3135,1,0,0,0,1,0,0,0,0,0,1
3144,1,0,0,0,1,0,1,0,0,0,0
315,1,0,1,0,0,0,1,1,0,0,0
3152,0,0,1,0,0,0,0,1,0,0,0
3154,0,0,0,0,0,0,0,0,0,0,0
316,0,0,0,0,0,0,0,0,0,0,0
3163,1,0,1,0,0,1,0,0,0,0,0
3169,1,0,0,1,1,0,0,1,0,0,0
3178,1,0,1,0,0,1,0,0,0,0,0
3179,1,0,1,0,0,0,0,1,0,0,1
3183,0,0,0,0,0,,0,0,0,0,0
3187,1,0,1,1,0,0,1,1,0,1,1
3188,0,0,0,1,0,1,0,0,1,1,0
319,0,0,0,0,0,1,0,0,0,0,0
3190,0,0,0,0,0,0,0,0,0,0,0
3191,1,0,0,0,0,,0,0,0,0,0
3210,1,0,0,0,,0,1,0,0,0,0
3213,1,0,0,0,0,0,1,0,,0,0
3215,1,0,1,0,1,0,0,1,0,0,0
3219,0,0,0,0,0,0,0,0,0,0,0
3221,1,0,0,0,1,0,0,0,0,0,0
3224,1,0,0,0,1,0,0,0,0,0,
3225,1,0,0,0,0,1,1,0,0,0,0
3228,0,0,0,0,,0,0,0,0,0,0
323,1,0,1,0,0,1,1,1,0,1,1
3231,1,0,1,0,0,0,1,0,0,0,0
3232,1,0,0,0,0,1,1,0,0,1,1
3234,0,0,0,,0,0,0,0,,0,0
3236,1,0,0,0,1,0,0,1,0,0,1
3239,1,0,0,0,0,0,1,0,0,1,0
3247,1,0,1,0,0,0,1,1,1,0,1
325,1,0,1,0,1,0,0,0,0,1,0
3259,0,0,0,0,1,1,0,1,0,0,0
3260,0,0,0,0,1,0,1,0,0,0,0
3261,1,0,1,0,0,0,0,0,0,0,0
3265,1,0,0,0,0,0,0,0,0,0,0
3266,0,0,0,0,1,0,1,0,0,0,0
3268,0,0,0,0,0,0,0,0,0,0,0
3270,0,0,0,0,0,0,0,0,0,0,0
3271,1,0,1,1,1,1,1,1,1,0,1
3273,1,0,0,0,0,0,1,1,0,0,0
3274,1,0,0,0,1,0,1,0,0,1,0
3279,1,0,0,0,1,0,0,0,0,0,0
3289,1,0,1,1,0,1,1,1,1,1,1
329,1,0,0,0,0,1,0,0,0,0,0
3294,1,0,0,0,0,0,0,0,0,0,0
3296,1,0,0,0,0,0,1,0,0,0,1
3297,1,0,0,0,0,0,0,0,0,0,0
3298,0,0,0,1,0,0,0,0,0,0,0
33,0,0,0,0,0,0,0,0,0,0,0
3304,1,0,0,0,0,1,0,0,0,1,1
3316,1,0,1,1,0,0,0,1,0,0,1
3322,1,0,1,0,0,1,0,1,0,1,0
3325,0,0,0,0,0,0,0,0,0,0,0
3329,1,0,0,0,1,0,0,1,0,0,1
333,1,0,0,0,1,1,0,0,0,0,0
3331,1,0,1,0,1,1,0,1,0,0,0
3332,0,0,0,0,0,0,0,1,0,,0
3334,1,0,0,0,0,0,1,0,0,0,1
3342,1,0,0,0,0,0,0,0,0,0,0
3345,1,0,0,0,0,0,0,0,0,0,0
335,0,0,0,0,0,1,1,0,0,0,0
3353,0,0,0,0,0,0,1,0,0,0,0
3357,1,0,0,0,0,0,1,1,0,1,0
3358,1,0,0,0,0,0,1,0,0,0,0
3359,0,0,0,0,0,0,0,0,0,0,
3363,0,0,0,1,0,1,0,0,0,0,1
3364,1,0,0,0,1,0,0,1,0,0,0
337,1,0,0,0,0,1,0,0,0,0,0
3375,1,0,0,0,0,0,0,0,0,0,0
3377,1,0,1,1,1,1,1,1,0,0,1
338,1,0,0,0,1,0,0,0,0,0,0
3381,1,0,0,0,0,0,0,0,0,0,0
3382,1,0,0,0,0,0,1,0,0,0,0
3390,1,0,0,0,0,0,0,0,0,0,0
3394,0,0,0,1,1,0,0,0,0,0,0
3396,1,0,0,0,0,0,0,0,0,0,0
3398,0,0,0,0,0,0,0,0,0,0,0
3402,0,0,0,0,0,1,0,1,0,0,0
3403,1,0,0,0,1,1,0,0,1,0,0
3404,1,0,0,0,0,0,0,0,0,0,0
3405,1,0,0,0,0,0,0,0,0,0,0
3407,1,0,0,0,0,0,0,0,0,0,0
3408,1,1,1,1,1,1,1,1,1,1,1
3413,1,0,1,0,1,1,0,1,0,0,0
3414,0,0,0,0,0,0,0,0,0,0,0
3416,1,0,0,0,0,0,0,0,0,0,1
3417,1,0,0,0,1,1,1,0,0,0,1
3418,1,0,0,0,0,0,0,0,0,0,0
342,1,0,1,0,1,1,1,1,0,0,0
3421,1,0,0,0,0,0,1,0,0,0,0
3422,1,0,0,0,1,0,0,0,0,0,0
3424,1,0,0,0,1,0,0,0,0,0,0
3425,1,0,1,0,0,0,1,0,0,0,0
3426,0,0,0,0,1,0,0,0,0,0,0
3429,1,0,0,0,1,0,0,0,0,0,0
3430,1,0,1,0,1,0,0,1,0,0,1
3435,1,0,0,0,0,0,0,0,0,0,0
3437,1,0,1,0,0,1,1,1,0,1,1
3446,0,0,0,0,0,0,0,0,0,0,0
345,1,0,1,1,0,1,0,1,1,0,1
3453,1,0,1,0,1,1,1,1,0,0,0
3455,1,0,0,0,1,1,1,1,1,1,1
3459,0,0,0,0,0,0,0,0,0,0,0
3461,1,0,0,0,0,0,1,0,0,0,0
3467,1,0,0,0,0,0,0,0,0,0,0
347,1,0,0,0,0,0,0,0,0,0,0
3471,0,0,0,0,0,0,1,0,0,0,0
3474,1,0,0,0,1,0,0,0,0,0,0
348,1,0,0,0,1,1,0,0,0,0,0
3482,1,0,0,0,1,0,0,1,0,0,1
3484,1,0,0,0,0,1,1,0,0,0,0
3485,1,0,0,0,1,0,0,1,0,0,0
3493,0,0,0,0,0,0,0,0,0,0,0
3497,1,0,0,0,0,0,0,0,0,0,0
3499,1,0,0,0,1,0,0,1,0,0,1
3501,1,1,1,0,1,1,1,1,0,0,0
3504,1,0,0,0,0,0,0,0,0,0,0
3505,1,0,0,0,1,1,0,1,0,0,0
3506,0,0,0,0,0,0,1,0,0,0,0
3508,0,0,0,1,1,1,1,1,1,1,1
3509,1,0,0,0,0,0,1,0,0,0,0
351,1,0,0,0,1,1,1,1,0,0,0
3514,0,0,0,0,0,0,0,0,0,0,0
3516,1,0,1,0,1,1,0,1,0,0,
3518,0,0,0,0,0,0,0,0,0,0,0
352,0,0,0,0,0,0,0,0,0,0,0
3525,1,0,0,0,0,0,0,0,0,0,0
3529,1,0,0,0,1,0,0,0,0,0,0
353,1,0,0,0,0,0,1,0,0,0,0
3535,1,0,0,0,0,0,0,0,0,0,0
3537,1,1,0,0,0,1,1,1,1,0,0
3541,1,0,0,0,0,1,1,0,0,0,0
3546,0,0,0,0,0,0,0,0,0,0,0
3555,0,0,0,0,0,0,0,0,0,0,0
3559,1,0,1,1,1,0,0,1,0,1,1
3567,1,1,1,0,1,1,1,1,0,0,0
357,1,0,0,0,1,0,1,1,0,0,1
3575,1,0,0,0,0,1,0,0,0,0,0
3576,1,0,0,0,0,0,0,1,0,0,0
358,1,0,0,0,1,1,0,0,0,0,0
3580,1,0,0,0,0,0,0,0,0,0,0
3583,1,0,0,0,1,1,1,0,0,0,0
3586,1,,0,0,1,1,0,1,0,1,1
3589,0,0,0,0,0,0,0,0,0,0,0
3590,1,0,0,0,1,0,0,1,0,0,0
3593,0,0,0,0,0,0,0,0,0,0,0
3597,1,0,1,0,0,0,1,1,0,0,1
3599,1,0,0,0,0,0,0,0,0,0,0
3604,1,0,0,0,1,0,1,0,0,0,0
3614,1,0,0,0,1,0,0,0,0,0,0
3617,0,0,0,0,0,0,0,0,0,0,0
3619,1,0,0,,0,,,0,,,
3620,1,0,0,0,0,0,0,0,0,0,0
3625,1,0,0,0,0,0,0,0,0,0,0
3626,1,0,0,0,1,0,0,0,0,0,0
3628,1,0,1,0,1,0,1,1,0,0,1
363,1,0,0,0,0,0,0,0,0,0,0
3634,0,0,0,0,0,0,0,0,0,0,0
3635,1,0,1,0,1,0,0,1,0,0,1
3636,1,0,0,0,0,0,0,1,0,0,0
3640,0,0,0,0,0,0,0,,0,0,0
3648,1,0,0,0,0,0,0,0,0,0,0
3652,0,0,0,0,0,0,0,0,0,0,0
3659,0,0,0,0,0,0,0,0,0,0,0
3667,1,0,0,0,0,0,0,0,0,0,0
3670,1,0,0,0,0,0,1,0,0,0,0
3671,1,0,1,0,0,1,1,1,0,0,1
3676,1,0,1,1,1,1,1,1,1,1,1
368,1,0,1,0,1,0,0,1,0,0,0
3680,1,0,1,1,1,1,1,1,0,0,0
3681,1,0,0,0,1,0,1,0,0,0,1
3682,1,0,0,0,1,1,1,1,0,0,0
3683,1,0,1,0,1,0,1,1,0,0,1
3684,1,0,0,0,1,1,0,0,0,0,0
3685,,0,0,0,0,0,0,0,0,0,0
3686,1,0,0,0,0,0,1,1,0,0,0
3688,1,0,0,0,1,0,0,0,0,0,0
3689,1,0,0,1,1,0,0,1,0,0,1
369,1,0,0,0,0,0,1,0,0,0,0
3697,1,0,0,0,0,0,0,0,0,0,0
3699,1,0,1,0,0,0,1,1,0,0,0
3701,1,0,1,1,0,0,1,1,0,1,1
3703,1,0,0,0,1,1,1,0,0,0,0
3708,1,0,0,0,0,0,1,0,0,0,0
3709,1,0,0,0,0,0,1,1,0,0,0
371,1,1,1,0,0,1,1,0,0,0,0
3710,1,0,0,0,0,0,0,0,0,0,0
3711,1,0,0,0,0,0,1,0,0,0,0
3713,0,0,0,0,0,0,1,0,0,0,0
3716,1,0,0,0,0,0,0,0,0,0,0
3717,1,0,1,1,0,1,0,1,1,1,1
3718,0,0,0,0,0,0,0,0,0,0,0
3719,1,0,0,0,1,0,1,0,0,0,0
3720,0,0,0,0,1,0,0,0,0,0,0
3721,1,0,0,0,0,0,1,1,0,0,0
3727,1,0,1,0,1,0,,,0,0,1
3729,1,0,0,1,0,1,1,0,0,1,0
373,1,0,0,0,1,1,0,0,0,0,0
3734,1,0,0,0,1,0,1,1,0,0,1
3735,1,0,1,1,0,0,0,1,0,1,1
3736,1,0,0,0,1,0,1,0,0,0,0
3737,1,0,0,0,0,0,0,0,0,0,0
3738,1,0,1,1,1,1,0,1,0,1,1
374,1,0,0,0,0,0,0,0,0,0,0
3740,0,0,0,0,1,0,0,0,0,0,0
3742,1,0,0,0,0,1,1,0,0,0,0
3747,1,0,1,1,0,0,0,1,0,1,0
3748,1,0,1,1,0,0,0,1,0,0,1
375,1,0,0,0,1,1,1,0,0,0,
3752,1,0,1,0,0,0,0,1,0,1,1
3754,1,1,1,1,1,1,1,0,0,0,0
3756,1,0,1,0,1,1,0,0,0,1,1
3757,0,0,0,0,0,0,0,0,0,0,0
3760,1,0,0,0,0,0,0,0,0,0,0
3762,0,0,0,0,0,0,1,0,0,0,0
3763,1,0,0,0,0,0,0,1,0,0,1
3764,0,0,0,0,0,0,1,0,0,0,0
3765,1,0,0,0,0,1,0,0,0,0,
3766,1,0,0,0,0,0,0,0,0,1,0
3780,1,0,0,0,0,0,0,1,0,0,0
3785,1,0,1,1,1,1,1,1,1,0,0
3787,1,0,0,0,1,0,0,0,0,1,1
3792,1,0,0,0,0,0,1,0,0,0,0
3795,1,0,1,1,1,1,1,1,0,0,0
3798,1,0,0,0,0,1,1,0,0,1,0
38,1,0,1,0,0,1,1,1,0,0,1
380,1,0,0,0,1,1,0,1,0,1,0
3810,0,0,0,0,1,1,0,0,0,0,0
3811,1,0,0,0,1,0,0,0,0,0,0
3813,1,0,0,0,1,0,1,0,0,0,0
3817,1,0,0,0,1,0,0,1,0,0,1
3818,1,0,0,0,0,0,0,1,1,0,0
3832,1,0,0,0,0,1,0,0,0,0,0
3833,1,0,0,0,0,0,0,0,0,0,0
3835,1,0,1,0,1,0,0,1,0,0,1
3837,0,0,0,0,0,0,0,0,0,0,0
384,1,0,0,0,1,0,0,0,1,0,0
3847,1,0,0,0,0,0,0,0,0,0,0
3849,1,0,0,0,1,0,1,0,0,0,1
385,1,0,0,0,0,0,1,0,0,0,0
3862,1,0,0,0,0,1,1,0,0,1,1
3866,1,0,1,0,1,1,1,1,0,0,1
3869,1,0,0,0,1,0,0,0,0,0,0
387,0,0,0,0,0,1,0,0,0,0,0
388,1,0,0,0,0,0,1,0,0,0,0
3883,1,0,0,0,0,0,1,0,0,0,0
3884,0,0,1,1,1,0,1,1,1,0,0
3885,1,0,0,0,1,0,0,0,0,0,0
3888,1,0,1,1,1,0,1,1,0,1,1
3889,1,0,0,0,0,0,1,0,0,0,0
389,1,0,0,0,1,0,0,0,0,0,0
3890,1,0,1,0,1,0,1,0,0,0,0
3891,0,0,0,0,0,0,0,0,0,0,0
390,0,0,0,1,0,0,1,0,0,0,0
3900,1,0,1,0,1,1,1,1,,0,1
3909,1,0,1,0,1,0,1,1,0,0,0
3913,1,0,0,0,1,1,1,0,0,0,0
3915,1,0,0,0,1,1,0,0,0,0,0
3918,1,0,0,0,0,0,0,0,0,0,0
392,1,0,0,0,0,0,0,0,0,0,0
3921,1,0,1,0,1,0,1,1,0,,0
3928,1,0,0,0,0,1,1,0,0,0,0
3930,1,0,1,0,1,0,0,0,0,0,0
3939,1,0,1,1,1,1,1,1,1,0,0
3942,0,0,0,0,0,0,0,0,0,0,0
3943,1,0,1,1,1,0,0,1,0,1,1
3951,1,0,1,0,0,0,0,1,0,0,0
3952,1,0,1,0,0,1,0,0,0,0,0
3954,0,0,0,0,1,0,0,1,0,0,0
3955,1,0,1,0,0,0,0,0,0,0,1
3964,1,0,0,0,0,0,0,0,0,0,0
3965,1,0,1,0,1,1,1,1,1,0,0
3981,1,0,1,1,1,1,1,1,1,0,0
3982,1,0,0,,0,1,1,0,,,0
3987,1,0,1,0,1,1,1,1,0,0,0
399,1,0,1,0,0,0,1,0,0,0,0
3991,1,0,0,1,1,0,0,1,0,0,0
3998,0,0,0,0,0,0,0,0,0,0,0
3999,1,0,1,0,1,0,1,1,0,0,0
4002,0,0,0,0,0,1,,0,0,0,0
4003,1,0,0,0,0,1,1,0,0,0,0
4006,1,0,0,0,0,1,1,0,0,0,0
4010,1,0,0,0,1,1,0,1,0,0,0
4014,1,0,0,0,1,1,0,0,0,0,0
403,0,0,0,0,0,0,0,0,0,0,0
416,0,0,0,0,0,0,0,0,0,0,0
417,1,0,1,0,0,1,0,1,0,0,0
42,1,0,0,0,0,1,0,0,0,1,0
420,1,0,0,0,0,0,0,0,0,0,0
425,1,0,0,0,0,0,0,0,0,0,0
426,0,0,0,0,0,0,0,1,0,0,1
427,1,0,0,0,0,1,0,0,0,0,0
428,1,0,0,0,0,0,1,0,0,0,0
429,0,0,0,0,0,0,0,0,0,0,0
430,1,0,0,0,0,0,0,0,0,0,0
432,1,0,1,1,0,1,0,0,0,0,0
434,1,0,1,0,0,0,0,1,0,0,0
437,1,0,0,0,0,0,0,0,0,0,0
438,1,0,0,1,1,0,0,1,0,0,1
439,1,0,0,0,1,1,0,1,0,0,1
441,1,0,0,0,0,1,1,0,0,0,0
443,0,0,0,0,0,0,0,0,0,0,0
446,0,0,0,0,0,0,0,0,0,0,0
447,0,0,0,0,0,0,0,0,0,0,0
448,1,0,1,0,0,1,0,1,1,0,1
45,0,0,0,0,0,1,0,0,0,0,0
451,1,0,0,0,0,0,0,0,0,0,0
453,1,0,0,0,0,0,0,0,0,0,0
454,1,0,0,0,1,0,0,0,0,0,0
455,1,0,0,0,1,0,0,1,0,0,0
459,1,0,1,0,0,0,0,1,0,,0
464,1,0,0,0,0,1,1,0,0,0,0
466,1,0,0,0,0,0,0,0,0,0,0
469,1,0,0,0,0,1,1,0,0,0,0
470,1,0,1,1,0,1,0,1,0,1,1
475,1,0,0,0,1,1,0,1,0,0,1
479,0,0,0,0,0,1,0,0,0,0,0
483,1,0,0,0,0,1,1,0,0,0,0
485,1,0,0,0,0,0,0,0,0,0,1
488,1,0,1,0,1,1,0,1,0,0,0
491,1,0,1,0,1,1,0,1,0,0,0
495,1,0,0,0,0,0,0,0,0,0,0
501,1,0,1,1,1,0,1,0,0,0,0
505,1,0,0,0,0,0,0,0,0,0,0
508,0,0,0,0,0,0,0,0,0,0,0
518,1,0,1,0,1,0,0,0,0,0,0
522,,,,,,,,,,,
524,1,0,0,0,1,0,0,0,0,0,0
526,0,0,0,0,0,1,0,0,0,0,0
527,1,0,0,0,1,1,1,1,0,0,0
531,1,0,0,0,0,1,0,0,0,0,0
536,0,0,0,0,0,0,0,0,0,0,0
537,0,0,0,0,0,0,0,0,0,0,0
54,1,0,0,0,0,0,0,0,,0,0
540,1,0,0,0,0,0,0,0,0,0,0
541,1,0,0,0,0,0,0,0,0,0,0
547,1,0,1,0,1,0,1,0,0,0,0
548,1,0,0,0,0,0,0,1,0,0,1
552,1,0,0,0,0,0,0,0,0,0,0
554,1,0,1,0,1,1,0,1,1,0,0
561,1,0,1,0,1,1,0,1,0,0,0
565,0,0,0,0,0,0,1,1,0,0,0
568,1,0,0,0,1,0,0,0,0,1,0
57,1,0,1,0,0,1,0,1,0,0,0
573,1,0,0,0,1,1,1,0,0,0,0
579,1,0,0,0,1,0,0,0,0,0,0
580,1,0,0,0,1,0,0,0,0,,0
582,1,0,0,0,1,0,0,1,0,0,1
586,1,0,0,0,0,0,0,0,0,0,0
588,0,0,0,0,0,0,0,0,0,0,0
589,1,0,0,0,0,0,1,0,0,0,0
590,1,0,0,0,0,1,1,0,0,0,1
60,0,0,0,0,0,1,1,0,0,0,0
602,1,0,0,0,1,0,1,0,1,0,0
603,1,0,0,0,1,1,0,1,0,0,1
605,1,0,1,0,0,1,0,0,0,0,0
607,1,0,0,0,0,0,0,1,0,0,1
610,1,1,1,0,1,1,1,1,1,0,0
613,1,0,0,0,1,0,1,1,0,0,1
614,0,0,0,0,0,0,0,0,0,0,0
616,0,0,1,0,0,0,0,0,0,0,0
62,1,0,0,0,1,0,0,0,0,0,1
623,1,,0,,,1,0,0,0,,
625,1,0,0,0,0,0,1,0,0,1,0
626,1,0,1,0,0,0,0,0,0,0,0
627,1,0,1,0,1,0,0,0,0,0,0
628,1,0,0,0,0,0,0,0,0,0,0
629,1,0,0,0,1,0,1,0,0,0,0
63,1,0,0,0,1,1,0,0,0,0,0
632,1,0,0,0,1,0,0,0,0,0,0
634,1,0,0,0,1,0,0,0,0,0,0
635,1,0,0,0,0,1,0,0,0,0,0
637,1,0,1,0,1,1,1,1,0,0,0
639,1,0,0,0,0,1,0,1,1,0,0
642,1,1,1,0,0,1,0,1,1,0,0
645,1,0,0,0,0,0,1,0,0,0,0
648,0,0,0,0,0,1,0,0,0,0,0
649,1,0,0,0,0,1,0,1,0,0,0
65,0,0,0,0,0,0,0,0,0,0,0
650,1,0,0,0,0,1,0,0,0,0,0
651,0,0,0,0,0,0,0,0,0,0,0
653,0,0,1,0,1,0,0,1,0,0,0
654,0,0,0,0,0,0,0,0,0,0,0
657,1,0,1,0,1,0,1,1,0,0,0
659,1,0,1,1,1,0,1,1,0,0,1
66,1,0,0,0,0,0,0,0,0,0,0
660,0,0,0,0,1,0,0,0,0,0,0
661,1,0,0,0,0,1,0,0,0,1,0
662,1,0,0,0,1,0,0,0,0,0,0
663,0,0,0,0,0,0,0,0,0,0,0
667,1,0,0,0,1,0,0,1,0,0,1
668,1,0,0,0,0,0,0,0,0,0,0
67,1,0,0,0,1,0,0,0,0,0,0
670,1,0,0,0,0,1,0,0,0,0,0
671,0,0,0,0,0,0,0,0,0,0,0
675,1,1,1,1,1,1,1,1,1,1,1
677,1,0,0,0,0,0,0,0,0,0,0
678,1,0,0,0,0,0,0,1,0,0,1
679,1,0,0,0,0,0,0,0,0,0,1
68,1,0,1,0,1,1,1,0,0,0,0
681,1,0,0,0,0,1,1,0,0,0,0
683,0,0,0,0,0,0,0,0,0,0,0
684,0,0,0,0,0,1,0,0,0,0,0
685,1,0,1,1,1,1,1,1,1,1,1
687,1,0,0,0,1,1,1,0,0,0,0
688,1,0,0,0,1,1,0,0,0,0,0
69,1,0,0,0,1,0,0,0,0,0,0
691,1,0,0,0,1,0,0,0,0,0,1
692,1,0,0,1,1,1,1,1,1,1,1
696,1,0,0,0,0,0,0,0,0,0,0
697,1,0,1,1,1,1,0,1,1,1,0
699,1,0,0,0,0,0,0,0,0,0,
70,1,0,0,0,0,0,0,0,0,0,1
700,1,0,0,1,1,1,1,0,0,1,1
702,1,0,0,,0,0,0,0,0,0,0
706,1,0,0,0,0,0,0,0,0,0,0
709,1,0,0,0,0,0,0,0,0,1,0
71,1,0,0,0,1,0,0,0,0,0,0
711,1,0,0,0,0,0,0,0,0,0,1
715,1,0,0,0,0,1,0,0,0,0,0
717,1,1,,0,1,1,0,0,0,0,0
72,1,0,0,0,1,1,1,0,0,0,0
720,1,0,1,1,0,,0,1,0,0,1
73,1,0,0,0,0,0,1,1,0,0,1
730,1,0,0,1,1,1,0,1,1,0,1
732,1,0,0,0,0,0,0,0,0,0,0
734,1,0,0,0,1,0,0,0,0,0,0
737,1,0,0,0,1,1,0,1,0,0,0
738,1,0,1,1,1,,0,1,0,0,1
739,1,0,0,0,1,0,0,0,0,0,0
741,1,0,1,0,1,0,0,0,0,0,0
743,1,0,0,0,0,0,0,0,0,0,0
744,1,0,0,0,0,0,0,0,0,0,0
749,1,0,0,0,1,0,0,0,0,0,0
750,0,0,0,0,1,0,0,0,0,0,0
754,1,0,0,0,0,0,1,0,0,0,0
756,1,0,1,0,1,1,1,1,0,1,0
757,1,0,0,0,0,0,0,0,0,0,0
758,1,0,0,0,1,0,1,0,0,0,0
759,1,0,0,0,1,0,0,0,0,0,0
76,1,0,1,1,1,0,1,1,1,1,0
761,1,0,1,1,1,1,1,1,1,0,0
762,1,0,1,1,1,1,1,1,0,0,0
763,1,0,0,0,0,0,0,0,0,0,0
764,0,0,0,0,0,0,0,0,0,0,0
766,1,0,0,0,0,0,1,0,0,0,0
767,1,0,1,0,1,1,0,0,0,0,0
768,0,0,1,0,0,0,0,0,0,0,0
770,1,0,0,0,1,1,1,1,0,0,0
771,1,0,0,0,1,1,1,0,1,0,0
773,1,0,1,1,1,0,0,1,0,0,1
776,1,0,0,0,0,0,0,0,0,0,0
778,1,0,0,0,1,0,0,0,0,0,0
780,1,0,0,0,1,0,0,0,,0,0
784,1,0,0,0,1,1,1,0,0,1,0
785,0,0,0,0,0,0,0,0,0,0,0
787,1,0,0,0,0,0,0,1,0,0,1
790,1,0,0,0,0,1,0,0,0,0,0
792,1,0,0,0,0,0,1,0,0,0,0
794,1,0,1,0,0,1,0,0,0,0,0
795,0,0,0,0,0,0,0,0,0,0,0
797,1,0,0,0,0,0,0,0,0,0,0
800,1,0,1,0,0,0,0,1,0,0,1
801,1,1,1,0,1,1,1,1,0,0,0
802,1,0,0,0,0,0,0,0,0,0,0
808,1,0,0,0,0,0,0,0,0,0,0
810,0,0,0,0,1,0,1,1,0,0,0
813,1,0,1,0,1,0,1,1,0,0,0
818,0,0,0,0,0,0,0,0,0,0,0
819,1,0,0,,,0,,0,0,,
82,1,0,0,0,0,0,1,0,0,0,0
821,1,,0,0,1,0,1,1,0,0,0
823,1,0,0,0,0,0,0,0,0,0,0
824,1,0,0,0,1,1,0,1,0,0,0
825,1,0,0,0,1,0,1,0,0,0,0
826,1,0,0,0,1,0,1,0,0,0,0
827,1,0,0,0,1,1,0,1,0,0,1
828,1,,0,0,0,0,0,0,0,0,0
829,1,0,0,0,1,1,0,0,0,0,0
831,1,0,0,0,0,0,1,0,0,0,0
832,1,0,0,0,1,0,0,0,0,0,0
834,1,0,0,0,1,0,0,0,0,0,0
836,1,0,0,0,1,0,0,0,0,0,0
837,1,0,1,1,1,1,1,1,0,1,1
840,1,0,0,0,0,1,0,0,0,0,0
842,1,0,1,1,1,1,1,1,1,1,0
845,1,0,0,0,0,1,0,1,0,0,0
849,1,0,1,1,1,1,1,0,0,1,0
851,1,0,0,0,1,1,0,0,1,0,1
852,0,0,1,0,1,0,0,0,0,0,0
853,1,0,0,0,1,0,0,1,0,0,1
854,1,0,0,0,1,0,0,0,0,0,0
856,0,0,0,0,0,1,0,0,0,0,0
857,1,0,1,1,1,0,1,1,1,1,1
858,1,0,1,1,1,0,0,1,1,0,1
86,0,0,0,0,0,0,0,0,0,0,0
861,1,0,0,0,1,1,1,0,0,0,0
864,0,0,0,0,0,0,0,0,0,0,0
865,1,0,0,0,0,0,0,0,1,1,0
869,1,0,0,0,1,1,1,0,0,0,0
871,1,0,0,0,1,0,0,1,0,0,1
875,1,0,0,0,0,0,1,1,0,0,0
876,1,0,0,0,0,1,0,0,0,0,0
878,1,0,0,0,0,0,0,0,0,0,0
879,0,0,1,0,0,0,1,0,0,0,0
880,1,0,0,0,1,1,1,0,0,0,0
885,1,0,0,0,0,0,0,0,1,0,0
886,1,0,0,0,1,0,0,0,0,0,0
891,1,0,0,1,0,0,0,0,0,0,0
892,1,0,0,1,1,1,0,1,0,0,0
893,0,0,0,0,0,0,1,0,0,0,0
894,0,0,1,0,1,1,1,1,0,0,1
897,1,0,0,1,0,0,0,0,0,0,0
898,1,0,0,0,0,0,1,0,0,0,0
900,1,0,0,0,1,0,1,0,0,0,0
902,1,0,0,0,1,1,0,0,0,0,0
904,1,0,1,0,1,0,0,1,0,1,1
905,1,0,0,0,0,1,0,0,0,0,0
906,1,0,0,0,0,0,1,0,0,0,1
907,0,0,0,0,1,1,0,1,0,0,0
910,1,0,0,0,0,0,1,0,0,0,0
913,1,0,1,0,0,0,0,1,0,0,1
914,1,0,0,0,1,0,0,0,0,0,0
922,1,0,0,0,0,0,1,0,0,0,0
923,1,0,0,0,0,1,1,1,0,0,1
928,1,0,1,0,0,1,1,0,0,0,0
930,0,0,0,0,0,0,1,1,0,0,1
931,1,0,0,0,0,0,0,0,0,0,0
936,1,0,0,0,1,0,0,1,1,0,0
942,1,0,0,0,1,0,0,1,0,0,1
953,1,0,1,0,0,0,0,1,0,0,1
954,0,0,0,0,0,0,0,0,,0,0
956,1,0,1,1,1,1,1,0,0,0,0
958,1,0,0,0,,1,0,0,0,0,1
96,1,0,1,0,1,1,1,1,0,0,0
964,1,0,1,0,1,1,1,0,0,0,0
969,0,0,0,0,0,0,1,0,0,0,0
973,1,0,1,0,0,0,0,0,0,1,0
976,0,0,0,1,1,0,0,0,0,1,0
978,1,0,0,0,0,0,0,0,0,0,0
979,1,0,0,0,1,0,0,0,0,0,0
981,1,0,1,0,0,1,0,1,0,0,0
983,1,0,0,0,0,0,0,0,0,0,0
985,0,0,0,0,0,0,1,0,0,0,0
988,1,0,0,1,1,1,0,0,0,1,0
997,0,0,0,0,0,0,0,0,0,0,0
